{
    "accuracy_score": 0.796,
    "precision_score": 0.7450331125827815,
    "recall_score": 0.9,
    "f1_score": 0.8152173913043478,
    "roc_auc_score": 0.877952
}