{
    "accuracy_score": 0.596,
    "precision_score": 0.6218274111675127,
    "recall_score": 0.49,
    "f1_score": 0.5480984340044742,
    "roc_auc_score": 0.634484
}