{
    "accuracy_score": 0.544,
    "precision_score": 0.5632183908045977,
    "recall_score": 0.392,
    "f1_score": 0.46226415094339623,
    "roc_auc_score": 0.583588
}