{
    "accuracy_score": 0.8,
    "precision_score": 0.798804780876494,
    "recall_score": 0.802,
    "f1_score": 0.8003992015968064,
    "roc_auc_score": 0.875516
}