{
    "accuracy_score": 0.612,
    "precision_score": 0.7204724409448819,
    "recall_score": 0.366,
    "f1_score": 0.4854111405835544,
    "roc_auc_score": 0.7032839999999999
}