{
    "accuracy_score": 0.686,
    "precision_score": 0.7214285714285714,
    "recall_score": 0.606,
    "f1_score": 0.658695652173913,
    "roc_auc_score": 0.7580159999999999
}