{
    "accuracy_score": 0.628,
    "precision_score": 0.6720430107526881,
    "recall_score": 0.5,
    "f1_score": 0.573394495412844,
    "roc_auc_score": 0.701068
}