{
    "accuracy_score": 0.581,
    "precision_score": 0.6216216216216216,
    "recall_score": 0.414,
    "f1_score": 0.4969987995198079,
    "roc_auc_score": 0.596356
}