{
    "accuracy_score": 0.596,
    "precision_score": 0.6578947368421053,
    "recall_score": 0.4,
    "f1_score": 0.4975124378109453,
    "roc_auc_score": 0.641676
}