{
    "accuracy_score": 0.604,
    "precision_score": 0.6645569620253164,
    "recall_score": 0.42,
    "f1_score": 0.5147058823529411,
    "roc_auc_score": 0.659904
}