{
    "accuracy_score": 0.554,
    "precision_score": 0.6015037593984962,
    "recall_score": 0.32,
    "f1_score": 0.4177545691906005,
    "roc_auc_score": 0.603868
}