{
    "accuracy_score": 0.79,
    "precision_score": 0.7865612648221344,
    "recall_score": 0.796,
    "f1_score": 0.7912524850894632,
    "roc_auc_score": 0.8683959999999998
}