{
    "accuracy_score": 0.797,
    "precision_score": 0.8193548387096774,
    "recall_score": 0.762,
    "f1_score": 0.7896373056994819,
    "roc_auc_score": 0.864904
}