{
    "accuracy_score": 0.574,
    "precision_score": 0.6185897435897436,
    "recall_score": 0.386,
    "f1_score": 0.4753694581280788,
    "roc_auc_score": 0.63166
}