{
    "accuracy_score": 0.834,
    "precision_score": 0.8479166666666667,
    "recall_score": 0.814,
    "f1_score": 0.8306122448979592,
    "roc_auc_score": 0.897888
}