{
    "accuracy_score": 0.882,
    "precision_score": 0.878968253968254,
    "recall_score": 0.886,
    "f1_score": 0.8824701195219123,
    "roc_auc_score": 0.9533639999999999
}