{
    "accuracy_score": 0.575,
    "precision_score": 0.60932944606414,
    "recall_score": 0.418,
    "f1_score": 0.4958481613285884,
    "roc_auc_score": 0.609464
}