{
    "accuracy_score": 0.645,
    "precision_score": 0.7474402730375427,
    "recall_score": 0.438,
    "f1_score": 0.5523329129886507,
    "roc_auc_score": 0.721884
}