{
    "accuracy_score": 0.532,
    "precision_score": 0.5427807486631016,
    "recall_score": 0.406,
    "f1_score": 0.4645308924485126,
    "roc_auc_score": 0.53518
}