{
    "accuracy_score": 0.528,
    "precision_score": 0.5451612903225806,
    "recall_score": 0.338,
    "f1_score": 0.41728395061728396,
    "roc_auc_score": 0.545272
}