{
    "accuracy_score": 0.487,
    "precision_score": 0.4843373493975904,
    "recall_score": 0.402,
    "f1_score": 0.43934426229508194,
    "roc_auc_score": 0.472556
}