{
    "accuracy_score": 0.558,
    "precision_score": 0.6367924528301887,
    "recall_score": 0.27,
    "f1_score": 0.3792134831460674,
    "roc_auc_score": 0.603332
}