{
    "accuracy_score": 0.517,
    "precision_score": 0.5377777777777778,
    "recall_score": 0.242,
    "f1_score": 0.33379310344827584,
    "roc_auc_score": 0.520188
}