{
    "accuracy_score": 0.595,
    "precision_score": 0.6567656765676567,
    "recall_score": 0.398,
    "f1_score": 0.49564134495641343,
    "roc_auc_score": 0.676032
}