{
    "accuracy_score": 0.714,
    "precision_score": 0.6737012987012987,
    "recall_score": 0.83,
    "f1_score": 0.7437275985663082,
    "roc_auc_score": 0.8080400000000001
}